{
  "mae": 0.12641928674418074,
  "rmse": 0.17570243589957704,
  "r2": 0.9904937721159067,
  "n_train": 322,
  "n_test": 81,
  "trained_at": "2026-03-17T15:31:35.376254Z",
  "target": "baseline rule-based + feedback (n_feedback=1)",
  "n_feedback_rows": 1
}