{
  "mae": 0.15721319843067316,
  "rmse": 0.2020339835649227,
  "r2": 0.9897185392579234,
  "n_train": 328,
  "n_test": 82,
  "trained_at": "2026-04-07T15:53:07.110443Z",
  "target": "baseline rule-based + feedback (n_feedback=8)",
  "n_feedback_rows": 8
}